Country;CommodityCode;cod
Afghanistan;410000;USDA:WHS_AF
Albania;410000;USDA:WHS_AL
Algeria;410000;USDA:WHS_DZ
Angola;410000;USDA:WHS_AO
Argentina;410000;USDA:WHS_AR
Armenia;410000;USDA:WHS_AM
Australia;410000;USDA:WHS_AU
Azerbaijan;410000;USDA:WHS_AZ
Bahrain;410000;USDA:WHS_BH
Bangladesh;410000;USDA:WHS_BD
Barbados;410000;USDA:WHS_BB
Belarus;410000;USDA:WHS_BY
Benin;410000;USDA:WHS_BJ
Bhutan;410000;USDA:WHS_BT
Bolivia;410000;USDA:WHS_BO
Bosnia and Herzegovina;410000;USDA:WHS_BA
Brazil;410000;USDA:WHS_BR
Burkina Faso;410000;USDA:WHS_BF
Burma;410000;USDA:WHS_MM
Cameroon;410000;USDA:WHS_CM
Canada;410000;USDA:WHS_CA
Chad;410000;USDA:WHS_TD
Chile;410000;USDA:WHS_CL
China;410000;USDA:WHS_CN
Colombia;410000;USDA:WHS_CO
Congo (Brazzaville);410000;USDA:WHS_CD
Congo (Kinshasa);410000;USDA:WHS_CG
Costa Rica;410000;USDA:WHS_CR
Cote d'Ivoire;410000;USDA:WHS_CI
Cuba;410000;USDA:WHS_CU
Dominican Republic;410000;USDA:WHS_DO
Ecuador;410000;USDA:WHS_EC
Egypt;410000;USDA:WHS_EG
El Salvador;410000;USDA:WHS_SV
Eritrea;410000;USDA:WHS_ER
Ethiopia;410000;USDA:WHS_ET
European Union;410000;USDA:WHS_EU
Fiji;410000;USDA:WHS_FJ
Gabon;410000;USDA:WHS_GA
Georgia;410000;USDA:WHS_GE
Ghana;410000;USDA:WHS_GH
Guatemala;410000;USDA:WHS_GT
Guinea;410000;USDA:WHS_GN
Guyana;410000;USDA:WHS_GY
Haiti;410000;USDA:WHS_HT
Honduras;410000;USDA:WHS_HN
Hong Kong;410000;USDA:WHS_HK
India;410000;USDA:WHS_IN
Indonesia;410000;USDA:WHS_ID
Iran;410000;USDA:WHS_IR
Iraq;410000;USDA:WHS_IQ
Israel;410000;USDA:WHS_IL
Jamaica;410000;USDA:WHS_JM
Japan;410000;USDA:WHS_JP
Jordan;410000;USDA:WHS_JO
Kazakhstan;410000;USDA:WHS_KZ
Kenya;410000;USDA:WHS_KE
Korea, North;410000;USDA:WHS_KR
Korea, South;410000;USDA:WHS_KP
Kuwait;410000;USDA:WHS_KW
Kyrgyzstan;410000;USDA:WHS_KG
Lebanon;410000;USDA:WHS_LB
Lesotho;410000;USDA:WHS_LS
Liberia;410000;USDA:WHS_LR
Libya;410000;USDA:WHS_LY
Madagascar;410000;USDA:WHS_MG
Malawi;410000;USDA:WHS_MW
Malaysia;410000;USDA:WHS_MY
Mali;410000;USDA:WHS_ML
Mauritania;410000;USDA:WHS_MR
Mauritius;410000;USDA:WHS_MU
Mexico;410000;USDA:WHS_MX
Moldova;410000;USDA:WHS_MD
Mongolia;410000;USDA:WHS_MN
Morocco;410000;USDA:WHS_MA
Mozambique;410000;USDA:WHS_MZ
Namibia;410000;USDA:WHS_NA
Nepal;410000;USDA:WHS_NP
New Zealand;410000;USDA:WHS_NZ
Nicaragua;410000;USDA:WHS_NI
Niger;410000;USDA:WHS_NE
Nigeria;410000;USDA:WHS_NG
North Macedonia;410000;USDA:WHS_MK
Norway;410000;USDA:WHS_NO
Oman;410000;USDA:WHS_OM
Pakistan;410000;USDA:WHS_PK
Panama;410000;USDA:WHS_PA
Papua New Guinea;410000;USDA:WHS_PG
Paraguay;410000;USDA:WHS_PY
Peru;410000;USDA:WHS_PE
Philippines;410000;USDA:WHS_PH
Russia;410000;USDA:WHS_RU
Rwanda;410000;USDA:WHS_RW
Saudi Arabia;410000;USDA:WHS_SA
Senegal;410000;USDA:WHS_SN
Serbia;410000;USDA:WHS_RS
Sierra Leone;410000;USDA:WHS_SL
Singapore;410000;USDA:WHS_SG
Somalia;410000;USDA:WHS_SO
South Africa;410000;USDA:WHS_ZA
Sri Lanka;410000;USDA:WHS_LK
Sudan;410000;USDA:WHS_SD
Switzerland;410000;USDA:WHS_CH
Syria;410000;USDA:WHS_SY
Taiwan;410000;USDA:WHS_TW
Tajikistan;410000;USDA:WHS_TJ
Tanzania;410000;USDA:WHS_TZ
Thailand;410000;USDA:WHS_TH
Togo;410000;USDA:WHS_TG
Trinidad and Tobago;410000;USDA:WHS_TT
Tunisia;410000;USDA:WHS_TN
Turkey;410000;USDA:WHS_TR
Turkmenistan;410000;USDA:WHS_TM
Uganda;410000;USDA:WHS_UG
Ukraine;410000;USDA:WHS_UA
United Arab Emirates;410000;USDA:WHS_AE
United Kingdom;410000;USDA:WHS_GB
United States;410000;USDA:WHS_US
Uruguay;410000;USDA:WHS_UY
Uzbekistan;410000;USDA:WHS_UZ
Venezuela;410000;USDA:WHS_VE
Vietnam;410000;USDA:WHS_VN
WORLD;410000;USDA:WHS_WO
Yemen;410000;USDA:WHS_YE
Zambia;410000;USDA:WHS_ZM
Zimbabwe;410000;USDA:WHS_ZW
Afghanistan;440000;USDA:COS_AF
Albania;440000;USDA:COS_AL
Algeria;440000;USDA:COS_DZ
Angola;440000;USDA:COS_AO
Argentina;440000;USDA:COS_AR
Australia;440000;USDA:COS_AU
Azerbaijan;440000;USDA:COS_AZ
Bangladesh;440000;USDA:COS_BD
Belarus;440000;USDA:COS_BY
Benin;440000;USDA:COS_BJ
Bhutan;440000;USDA:COS_BT
Bolivia;440000;USDA:COS_BO
Bosnia and Herzegovina;440000;USDA:COS_BA
Botswana;440000;USDA:COS_BW
Brazil;440000;USDA:COS_BR
Burkina Faso;440000;USDA:COS_BF
Burma;440000;USDA:COS_MM
Burundi;440000;USDA:COS_BI
Cabo Verde;440000;USDA:COS_CV
Cambodia;440000;USDA:COS_KH
Cameroon;440000;USDA:COS_CM
Canada;440000;USDA:COS_CA
Central African Republic;440000;USDA:COS_CF
Chad;440000;USDA:COS_TD
Chile;440000;USDA:COS_CL
China;440000;USDA:COS_CN
Colombia;440000;USDA:COS_CO
Congo (Brazzaville);440000;USDA:COS_CD
Congo (Kinshasa);440000;USDA:COS_CG
Costa Rica;440000;USDA:COS_CR
Cote d'Ivoire;440000;USDA:COS_CI
Cuba;440000;USDA:COS_CU
Dominican Republic;440000;USDA:COS_DO
Ecuador;440000;USDA:COS_EC
Egypt;440000;USDA:COS_EG
El Salvador;440000;USDA:COS_SV
Eritrea;440000;USDA:COS_ER
Eswatini;440000;USDA:COS_SZ
Ethiopia;440000;USDA:COS_ET
European Union;440000;USDA:COS_EU
Gambia, The;440000;USDA:COS_GM
Georgia;440000;USDA:COS_GE
Ghana;440000;USDA:COS_GH
Guatemala;440000;USDA:COS_GT
Guinea;440000;USDA:COS_GN
Guinea-Bissau;440000;USDA:COS_GW
Guyana;440000;USDA:COS_GY
Haiti;440000;USDA:COS_HT
Honduras;440000;USDA:COS_HN
Hong Kong;440000;USDA:COS_HK
India;440000;USDA:COS_IN
Indonesia;440000;USDA:COS_ID
Iran;440000;USDA:COS_IR
Iraq;440000;USDA:COS_IQ
Israel;440000;USDA:COS_IL
Jamaica;440000;USDA:COS_JM
Japan;440000;USDA:COS_JP
Jordan;440000;USDA:COS_JO
Kazakhstan;440000;USDA:COS_KZ
Kenya;440000;USDA:COS_KE
Korea, North;440000;USDA:COS_KR
Korea, South;440000;USDA:COS_KP
Kuwait;440000;USDA:COS_KW
Kyrgyzstan;440000;USDA:COS_KG
Laos;440000;USDA:COS_LA
Lebanon;440000;USDA:COS_LB
Lesotho;440000;USDA:COS_LS
Libya;440000;USDA:COS_LY
Madagascar;440000;USDA:COS_MG
Malawi;440000;USDA:COS_MW
Malaysia;440000;USDA:COS_MY
Mali;440000;USDA:COS_ML
Mauritania;440000;USDA:COS_MR
Mexico;440000;USDA:COS_MX
Moldova;440000;USDA:COS_MD
Morocco;440000;USDA:COS_MA
Mozambique;440000;USDA:COS_MZ
Namibia;440000;USDA:COS_NA
Nepal;440000;USDA:COS_NP
New Zealand;440000;USDA:COS_NZ
Nicaragua;440000;USDA:COS_NI
Nigeria;440000;USDA:COS_NG
North Macedonia;440000;USDA:COS_MK
Norway;440000;USDA:COS_NO
Oman;440000;USDA:COS_OM
Pakistan;440000;USDA:COS_PK
Panama;440000;USDA:COS_PA
Paraguay;440000;USDA:COS_PY
Peru;440000;USDA:COS_PE
Philippines;440000;USDA:COS_PH
Qatar;440000;USDA:COS_QA
Russia;440000;USDA:COS_RU
Rwanda;440000;USDA:COS_RW
Saudi Arabia;440000;USDA:COS_SA
Senegal;440000;USDA:COS_SN
Serbia;440000;USDA:COS_RS
Sierra Leone;440000;USDA:COS_SL
Singapore;440000;USDA:COS_SG
Somalia;440000;USDA:COS_SO
South Africa;440000;USDA:COS_ZA
South Sudan;440000;USDA:COS_SS
Sri Lanka;440000;USDA:COS_LK
Switzerland;440000;USDA:COS_CH
Syria;440000;USDA:COS_SY
Taiwan;440000;USDA:COS_TW
Tajikistan;440000;USDA:COS_TJ
Tanzania;440000;USDA:COS_TZ
Thailand;440000;USDA:COS_TH
Togo;440000;USDA:COS_TG
Trinidad and Tobago;440000;USDA:COS_TT
Tunisia;440000;USDA:COS_TN
Turkey;440000;USDA:COS_TR
Turkmenistan;440000;USDA:COS_TM
Uganda;440000;USDA:COS_UG
Ukraine;440000;USDA:COS_UA
United Arab Emirates;440000;USDA:COS_AE
United Kingdom;440000;USDA:COS_GB
United States;440000;USDA:COS_US
Uruguay;440000;USDA:COS_UY
Uzbekistan;440000;USDA:COS_UZ
Venezuela;440000;USDA:COS_VE
Vietnam;440000;USDA:COS_VN
WORLD;440000;USDA:COS_WO
Yemen;440000;USDA:COS_YE
Zambia;440000;USDA:COS_ZM
Zimbabwe;440000;USDA:COS_ZW
Algeria;813100;USDA:SBM_DZ
Argentina;813100;USDA:SBM_AR
Australia;813100;USDA:SBM_AU
Azerbaijan;813100;USDA:SBM_AZ
Bangladesh;813100;USDA:SBM_BD
Barbados;813100;USDA:SBM_BB
Belarus;813100;USDA:SBM_BY
Benin;813100;USDA:SBM_BJ
Bolivia;813100;USDA:SBM_BO
Bosnia and Herzegovina;813100;USDA:SBM_BA
Brazil;813100;USDA:SBM_BR
Burma;813100;USDA:SBM_MM
Cambodia;813100;USDA:SBM_KH
Canada;813100;USDA:SBM_CA
Chile;813100;USDA:SBM_CL
China;813100;USDA:SBM_CN
Colombia;813100;USDA:SBM_CO
Costa Rica;813100;USDA:SBM_CR
Cote d'Ivoire;813100;USDA:SBM_CI
Cuba;813100;USDA:SBM_CU
Dominican Republic;813100;USDA:SBM_DO
Ecuador;813100;USDA:SBM_EC
Egypt;813100;USDA:SBM_EG
El Salvador;813100;USDA:SBM_SV
Ethiopia;813100;USDA:SBM_ET
European Union;813100;USDA:SBM_EU
Georgia;813100;USDA:SBM_GE
Ghana;813100;USDA:SBM_GH
Guatemala;813100;USDA:SBM_GT
Guyana;813100;USDA:SBM_GY
Honduras;813100;USDA:SBM_HN
India;813100;USDA:SBM_IN
Indonesia;813100;USDA:SBM_ID
Iran;813100;USDA:SBM_IR
Iraq;813100;USDA:SBM_IQ
Israel;813100;USDA:SBM_IL
Jamaica;813100;USDA:SBM_JM
Japan;813100;USDA:SBM_JP
Jordan;813100;USDA:SBM_JO
Kazakhstan;813100;USDA:SBM_KZ
Kenya;813100;USDA:SBM_KE
Korea, North;813100;USDA:SBM_KR
Korea, South;813100;USDA:SBM_KP
Lebanon;813100;USDA:SBM_LB
Libya;813100;USDA:SBM_LY
Malaysia;813100;USDA:SBM_MY
Mexico;813100;USDA:SBM_MX
Morocco;813100;USDA:SBM_MA
New Zealand;813100;USDA:SBM_NZ
Nicaragua;813100;USDA:SBM_NI
Nigeria;813100;USDA:SBM_NG
North Macedonia;813100;USDA:SBM_MK
Norway;813100;USDA:SBM_NO
Pakistan;813100;USDA:SBM_PK
Panama;813100;USDA:SBM_PA
Paraguay;813100;USDA:SBM_PY
Peru;813100;USDA:SBM_PE
Philippines;813100;USDA:SBM_PH
Russia;813100;USDA:SBM_RU
Saudi Arabia;813100;USDA:SBM_SA
Serbia;813100;USDA:SBM_RS
Singapore;813100;USDA:SBM_SG
South Africa;813100;USDA:SBM_ZA
Sri Lanka;813100;USDA:SBM_LK
Switzerland;813100;USDA:SBM_CH
Syria;813100;USDA:SBM_SY
Taiwan;813100;USDA:SBM_TW
Thailand;813100;USDA:SBM_TH
Trinidad and Tobago;813100;USDA:SBM_TT
Tunisia;813100;USDA:SBM_TN
Turkey;813100;USDA:SBM_TR
Ukraine;813100;USDA:SBM_UA
United Arab Emirates;813100;USDA:SBM_AE
United Kingdom;813100;USDA:SBM_GB
United States;813100;USDA:SBM_US
Uruguay;813100;USDA:SBM_UY
Uzbekistan;813100;USDA:SBM_UZ
Venezuela;813100;USDA:SBM_VE
Vietnam;813100;USDA:SBM_VN
WORLD;813100;USDA:SBM_WO
Yemen;813100;USDA:SBM_YE
Zambia;813100;USDA:SBM_ZM
Zimbabwe;813100;USDA:SBM_ZW
Argentina;813200;USDA:PNM_AR
Bangladesh;813200;USDA:PNM_BD
Benin;813200;USDA:PNM_BJ
Brazil;813200;USDA:PNM_BR
Burkina Faso;813200;USDA:PNM_BF
Burma;813200;USDA:PNM_MM
Cameroon;813200;USDA:PNM_CM
Central African Republic;813200;USDA:PNM_CF
Chad;813200;USDA:PNM_TD
China;813200;USDA:PNM_CN
Congo (Kinshasa);813200;USDA:PNM_CG
Cote d'Ivoire;813200;USDA:PNM_CI
European Union;813200;USDA:PNM_EU
Gambia, The;813200;USDA:PNM_GM
Guatemala;813200;USDA:PNM_GT
India;813200;USDA:PNM_IN
Indonesia;813200;USDA:PNM_ID
Japan;813200;USDA:PNM_JP
Malawi;813200;USDA:PNM_MW
Malaysia;813200;USDA:PNM_MY
Mali;813200;USDA:PNM_ML
Mexico;813200;USDA:PNM_MX
Mozambique;813200;USDA:PNM_MZ
Nicaragua;813200;USDA:PNM_NI
Niger;813200;USDA:PNM_NE
Nigeria;813200;USDA:PNM_NG
Senegal;813200;USDA:PNM_SN
South Africa;813200;USDA:PNM_ZA
Sudan;813200;USDA:PNM_SD
Taiwan;813200;USDA:PNM_TW
Tanzania;813200;USDA:PNM_TZ
Thailand;813200;USDA:PNM_TH
Togo;813200;USDA:PNM_TG
Turkey;813200;USDA:PNM_TR
Uganda;813200;USDA:PNM_UG
United States;813200;USDA:PNM_US
Vietnam;813200;USDA:PNM_VN
WORLD;813200;USDA:PNM_WO
Zambia;813200;USDA:PNM_ZM
Argentina;813300;USDA:CTM_AR
Australia;813300;USDA:CTM_AU
Azerbaijan;813300;USDA:CTM_AZ
Benin;813300;USDA:CTM_BJ
Brazil;813300;USDA:CTM_BR
Burkina Faso;813300;USDA:CTM_BF
Burma;813300;USDA:CTM_MM
Cameroon;813300;USDA:CTM_CM
Chad;813300;USDA:CTM_TD
China;813300;USDA:CTM_CN
Cote d'Ivoire;813300;USDA:CTM_CI
Egypt;813300;USDA:CTM_EG
Ethiopia;813300;USDA:CTM_ET
European Union;813300;USDA:CTM_EU
India;813300;USDA:CTM_IN
Iran;813300;USDA:CTM_IR
Japan;813300;USDA:CTM_JP
Kazakhstan;813300;USDA:CTM_KZ
Korea, South;813300;USDA:CTM_KP
Kyrgyzstan;813300;USDA:CTM_KG
Madagascar;813300;USDA:CTM_MG
Mali;813300;USDA:CTM_ML
Mexico;813300;USDA:CTM_MX
Mozambique;813300;USDA:CTM_MZ
New Zealand;813300;USDA:CTM_NZ
Nigeria;813300;USDA:CTM_NG
Pakistan;813300;USDA:CTM_PK
Paraguay;813300;USDA:CTM_PY
Saudi Arabia;813300;USDA:CTM_SA
South Africa;813300;USDA:CTM_ZA
Sudan;813300;USDA:CTM_SD
Syria;813300;USDA:CTM_SY
Tajikistan;813300;USDA:CTM_TJ
Tanzania;813300;USDA:CTM_TZ
Togo;813300;USDA:CTM_TG
Turkey;813300;USDA:CTM_TR
Turkmenistan;813300;USDA:CTM_TM
Uganda;813300;USDA:CTM_UG
United States;813300;USDA:CTM_US
Uzbekistan;813300;USDA:CTM_UZ
WORLD;813300;USDA:CTM_WO
Zimbabwe;813300;USDA:CTM_ZW
Argentina;813500;USDA:SFM_AR
Australia;813500;USDA:SFM_AU
Belarus;813500;USDA:SFM_BY
Bolivia;813500;USDA:SFM_BO
Bosnia and Herzegovina;813500;USDA:SFM_BA
Brazil;813500;USDA:SFM_BR
Burma;813500;USDA:SFM_MM
Canada;813500;USDA:SFM_CA
Chile;813500;USDA:SFM_CL
China;813500;USDA:SFM_CN
Egypt;813500;USDA:SFM_EG
European Union;813500;USDA:SFM_EU
India;813500;USDA:SFM_IN
Iran;813500;USDA:SFM_IR
Israel;813500;USDA:SFM_IL
Kazakhstan;813500;USDA:SFM_KZ
Mexico;813500;USDA:SFM_MX
Moldova;813500;USDA:SFM_MD
Morocco;813500;USDA:SFM_MA
North Macedonia;813500;USDA:SFM_MK
Norway;813500;USDA:SFM_NO
Pakistan;813500;USDA:SFM_PK
Paraguay;813500;USDA:SFM_PY
Peru;813500;USDA:SFM_PE
Russia;813500;USDA:SFM_RU
Saudi Arabia;813500;USDA:SFM_SA
Serbia;813500;USDA:SFM_RS
South Africa;813500;USDA:SFM_ZA
Switzerland;813500;USDA:SFM_CH
Thailand;813500;USDA:SFM_TH
Turkey;813500;USDA:SFM_TR
Ukraine;813500;USDA:SFM_UA
United Kingdom;813500;USDA:SFM_GB
United States;813500;USDA:SFM_US
Uruguay;813500;USDA:SFM_UY
Uzbekistan;813500;USDA:SFM_UZ
WORLD;813500;USDA:SFM_WO
Argentina;813600;USDA:RPM_AR
Australia;813600;USDA:RPM_AU
Bangladesh;813600;USDA:RPM_BD
Belarus;813600;USDA:RPM_BY
Canada;813600;USDA:RPM_CA
Chile;813600;USDA:RPM_CL
China;813600;USDA:RPM_CN
Ethiopia;813600;USDA:RPM_ET
European Union;813600;USDA:RPM_EU
India;813600;USDA:RPM_IN
Indonesia;813600;USDA:RPM_ID
Iran;813600;USDA:RPM_IR
Israel;813600;USDA:RPM_IL
Japan;813600;USDA:RPM_JP
Kazakhstan;813600;USDA:RPM_KZ
Korea, South;813600;USDA:RPM_KP
Mexico;813600;USDA:RPM_MX
Morocco;813600;USDA:RPM_MA
Norway;813600;USDA:RPM_NO
Pakistan;813600;USDA:RPM_PK
Paraguay;813600;USDA:RPM_PY
Russia;813600;USDA:RPM_RU
South Africa;813600;USDA:RPM_ZA
Switzerland;813600;USDA:RPM_CH
Taiwan;813600;USDA:RPM_TW
Thailand;813600;USDA:RPM_TH
Turkey;813600;USDA:RPM_TR
Ukraine;813600;USDA:RPM_UA
United Arab Emirates;813600;USDA:RPM_AE
United Kingdom;813600;USDA:RPM_GB
United States;813600;USDA:RPM_US
Uruguay;813600;USDA:RPM_UY
Vietnam;813600;USDA:RPM_VN
WORLD;813600;USDA:RPM_WO
Bangladesh;813700;USDA:CPM_BD
China;813700;USDA:CPM_CN
Cote d'Ivoire;813700;USDA:CPM_CI
European Union;813700;USDA:CPM_EU
Fiji;813700;USDA:CPM_FJ
Ghana;813700;USDA:CPM_GH
India;813700;USDA:CPM_IN
Indonesia;813700;USDA:CPM_ID
Japan;813700;USDA:CPM_JP
Korea, South;813700;USDA:CPM_KP
Malaysia;813700;USDA:CPM_MY
Mexico;813700;USDA:CPM_MX
Mozambique;813700;USDA:CPM_MZ
Nigeria;813700;USDA:CPM_NG
Papua New Guinea;813700;USDA:CPM_PG
Philippines;813700;USDA:CPM_PH
Samoa;813700;USDA:CPM_WS
Sri Lanka;813700;USDA:CPM_LK
Taiwan;813700;USDA:CPM_TW
Tanzania;813700;USDA:CPM_TZ
Thailand;813700;USDA:CPM_TH
Venezuela;813700;USDA:CPM_VE
Vietnam;813700;USDA:CPM_VN
WORLD;813700;USDA:CPM_WO
Australia;813800;USDA:PKM_AU
Benin;813800;USDA:PKM_BJ
Brazil;813800;USDA:PKM_BR
Cameroon;813800;USDA:PKM_CM
China;813800;USDA:PKM_CN
Colombia;813800;USDA:PKM_CO
Congo (Kinshasa);813800;USDA:PKM_CG
Costa Rica;813800;USDA:PKM_CR
Cote d'Ivoire;813800;USDA:PKM_CI
Ecuador;813800;USDA:PKM_EC
European Union;813800;USDA:PKM_EU
Ghana;813800;USDA:PKM_GH
Guatemala;813800;USDA:PKM_GT
Guinea;813800;USDA:PKM_GN
Guinea-Bissau;813800;USDA:PKM_GW
Honduras;813800;USDA:PKM_HN
India;813800;USDA:PKM_IN
Indonesia;813800;USDA:PKM_ID
Japan;813800;USDA:PKM_JP
Korea, South;813800;USDA:PKM_KP
Liberia;813800;USDA:PKM_LR
Malaysia;813800;USDA:PKM_MY
New Zealand;813800;USDA:PKM_NZ
Nigeria;813800;USDA:PKM_NG
Papua New Guinea;813800;USDA:PKM_PG
Philippines;813800;USDA:PKM_PH
Saudi Arabia;813800;USDA:PKM_SA
Sierra Leone;813800;USDA:PKM_SL
South Africa;813800;USDA:PKM_ZA
Thailand;813800;USDA:PKM_TH
Togo;813800;USDA:PKM_TG
Turkey;813800;USDA:PKM_TR
United Kingdom;813800;USDA:PKM_GB
Vietnam;813800;USDA:PKM_VN
WORLD;813800;USDA:PKM_WO
Australia;814200;USDA:FIM_AU
Canada;814200;USDA:FIM_CA
Chile;814200;USDA:FIM_CL
China;814200;USDA:FIM_CN
Colombia;814200;USDA:FIM_CO
Ecuador;814200;USDA:FIM_EC
European Union;814200;USDA:FIM_EU
Faroe Islands;814200;USDA:FIM_FO
Iceland;814200;USDA:FIM_IS
Indonesia;814200;USDA:FIM_ID
Iran;814200;USDA:FIM_IR
Japan;814200;USDA:FIM_JP
Korea, South;814200;USDA:FIM_KP
Malaysia;814200;USDA:FIM_MY
Mexico;814200;USDA:FIM_MX
Morocco;814200;USDA:FIM_MA
New Zealand;814200;USDA:FIM_NZ
Norway;814200;USDA:FIM_NO
Peru;814200;USDA:FIM_PE
Philippines;814200;USDA:FIM_PH
Russia;814200;USDA:FIM_RU
Senegal;814200;USDA:FIM_SN
South Africa;814200;USDA:FIM_ZA
Switzerland;814200;USDA:FIM_CH
Taiwan;814200;USDA:FIM_TW
Thailand;814200;USDA:FIM_TH
Turkey;814200;USDA:FIM_TR
United Kingdom;814200;USDA:FIM_GB
United States;814200;USDA:FIM_US
Vietnam;814200;USDA:FIM_VN
WORLD;814200;USDA:FIM_WO
Argentina;2221000;USDA:PNS_AR
Australia;2221000;USDA:PNS_AU
Bangladesh;2221000;USDA:PNS_BD
Benin;2221000;USDA:PNS_BJ
Brazil;2221000;USDA:PNS_BR
Burkina Faso;2221000;USDA:PNS_BF
Burma;2221000;USDA:PNS_MM
Cameroon;2221000;USDA:PNS_CM
Canada;2221000;USDA:PNS_CA
Central African Republic;2221000;USDA:PNS_CF
Chad;2221000;USDA:PNS_TD
China;2221000;USDA:PNS_CN
Congo (Kinshasa);2221000;USDA:PNS_CG
Cote d'Ivoire;2221000;USDA:PNS_CI
Egypt;2221000;USDA:PNS_EG
European Union;2221000;USDA:PNS_EU
Gambia, The;2221000;USDA:PNS_GM
Ghana;2221000;USDA:PNS_GH
Guatemala;2221000;USDA:PNS_GT
Guinea;2221000;USDA:PNS_GN
Hong Kong;2221000;USDA:PNS_HK
India;2221000;USDA:PNS_IN
Indonesia;2221000;USDA:PNS_ID
Japan;2221000;USDA:PNS_JP
Korea, South;2221000;USDA:PNS_KP
Malawi;2221000;USDA:PNS_MW
Malaysia;2221000;USDA:PNS_MY
Mali;2221000;USDA:PNS_ML
Mexico;2221000;USDA:PNS_MX
Morocco;2221000;USDA:PNS_MA
Mozambique;2221000;USDA:PNS_MZ
Nicaragua;2221000;USDA:PNS_NI
Niger;2221000;USDA:PNS_NE
Nigeria;2221000;USDA:PNS_NG
Norway;2221000;USDA:PNS_NO
Pakistan;2221000;USDA:PNS_PK
Philippines;2221000;USDA:PNS_PH
Russia;2221000;USDA:PNS_RU
Senegal;2221000;USDA:PNS_SN
Singapore;2221000;USDA:PNS_SG
South Africa;2221000;USDA:PNS_ZA
Sudan;2221000;USDA:PNS_SD
Switzerland;2221000;USDA:PNS_CH
Taiwan;2221000;USDA:PNS_TW
Tanzania;2221000;USDA:PNS_TZ
Thailand;2221000;USDA:PNS_TH
Togo;2221000;USDA:PNS_TG
Turkey;2221000;USDA:PNS_TR
Uganda;2221000;USDA:PNS_UG
United Kingdom;2221000;USDA:PNS_GB
United States;2221000;USDA:PNS_US
Vietnam;2221000;USDA:PNS_VN
WORLD;2221000;USDA:PNS_WO
Zambia;2221000;USDA:PNS_ZM
Zimbabwe;2221000;USDA:PNS_ZW
Algeria;2222000;USDA:SBS_DZ
Argentina;2222000;USDA:SBS_AR
Australia;2222000;USDA:SBS_AU
Bangladesh;2222000;USDA:SBS_BD
Barbados;2222000;USDA:SBS_BB
Belarus;2222000;USDA:SBS_BY
Benin;2222000;USDA:SBS_BJ
Bolivia;2222000;USDA:SBS_BO
Bosnia and Herzegovina;2222000;USDA:SBS_BA
Brazil;2222000;USDA:SBS_BR
Burma;2222000;USDA:SBS_MM
Canada;2222000;USDA:SBS_CA
Chile;2222000;USDA:SBS_CL
China;2222000;USDA:SBS_CN
Colombia;2222000;USDA:SBS_CO
Costa Rica;2222000;USDA:SBS_CR
Cuba;2222000;USDA:SBS_CU
Ecuador;2222000;USDA:SBS_EC
Egypt;2222000;USDA:SBS_EG
Ethiopia;2222000;USDA:SBS_ET
European Union;2222000;USDA:SBS_EU
Ghana;2222000;USDA:SBS_GH
Guatemala;2222000;USDA:SBS_GT
India;2222000;USDA:SBS_IN
Indonesia;2222000;USDA:SBS_ID
Iran;2222000;USDA:SBS_IR
Israel;2222000;USDA:SBS_IL
Japan;2222000;USDA:SBS_JP
Kazakhstan;2222000;USDA:SBS_KZ
Korea, North;2222000;USDA:SBS_KR
Korea, South;2222000;USDA:SBS_KP
Lebanon;2222000;USDA:SBS_LB
Malaysia;2222000;USDA:SBS_MY
Mexico;2222000;USDA:SBS_MX
Morocco;2222000;USDA:SBS_MA
Nicaragua;2222000;USDA:SBS_NI
Nigeria;2222000;USDA:SBS_NG
Norway;2222000;USDA:SBS_NO
Pakistan;2222000;USDA:SBS_PK
Panama;2222000;USDA:SBS_PA
Paraguay;2222000;USDA:SBS_PY
Peru;2222000;USDA:SBS_PE
Philippines;2222000;USDA:SBS_PH
Russia;2222000;USDA:SBS_RU
Saudi Arabia;2222000;USDA:SBS_SA
Serbia;2222000;USDA:SBS_RS
Singapore;2222000;USDA:SBS_SG
South Africa;2222000;USDA:SBS_ZA
Switzerland;2222000;USDA:SBS_CH
Syria;2222000;USDA:SBS_SY
Taiwan;2222000;USDA:SBS_TW
Thailand;2222000;USDA:SBS_TH
Tunisia;2222000;USDA:SBS_TN
Turkey;2222000;USDA:SBS_TR
Uganda;2222000;USDA:SBS_UG
Ukraine;2222000;USDA:SBS_UA
United Arab Emirates;2222000;USDA:SBS_AE
United Kingdom;2222000;USDA:SBS_GB
United States;2222000;USDA:SBS_US
Uruguay;2222000;USDA:SBS_UY
Uzbekistan;2222000;USDA:SBS_UZ
Venezuela;2222000;USDA:SBS_VE
Vietnam;2222000;USDA:SBS_VN
WORLD;2222000;USDA:SBS_WO
Zambia;2222000;USDA:SBS_ZM
Zimbabwe;2222000;USDA:SBS_ZW
Argentina;2223000;USDA:CTS_AR
Australia;2223000;USDA:CTS_AU
Azerbaijan;2223000;USDA:CTS_AZ
Benin;2223000;USDA:CTS_BJ
Brazil;2223000;USDA:CTS_BR
Burkina Faso;2223000;USDA:CTS_BF
Burma;2223000;USDA:CTS_MM
Cameroon;2223000;USDA:CTS_CM
Chad;2223000;USDA:CTS_TD
China;2223000;USDA:CTS_CN
Cote d'Ivoire;2223000;USDA:CTS_CI
Egypt;2223000;USDA:CTS_EG
European Union;2223000;USDA:CTS_EU
India;2223000;USDA:CTS_IN
Indonesia;2223000;USDA:CTS_ID
Iran;2223000;USDA:CTS_IR
Japan;2223000;USDA:CTS_JP
Kazakhstan;2223000;USDA:CTS_KZ
Korea, South;2223000;USDA:CTS_KP
Kyrgyzstan;2223000;USDA:CTS_KG
Madagascar;2223000;USDA:CTS_MG
Mali;2223000;USDA:CTS_ML
Mexico;2223000;USDA:CTS_MX
Mozambique;2223000;USDA:CTS_MZ
Nigeria;2223000;USDA:CTS_NG
Pakistan;2223000;USDA:CTS_PK
Paraguay;2223000;USDA:CTS_PY
Saudi Arabia;2223000;USDA:CTS_SA
South Africa;2223000;USDA:CTS_ZA
Sudan;2223000;USDA:CTS_SD
Syria;2223000;USDA:CTS_SY
Tajikistan;2223000;USDA:CTS_TJ
Tanzania;2223000;USDA:CTS_TZ
Togo;2223000;USDA:CTS_TG
Turkey;2223000;USDA:CTS_TR
Turkmenistan;2223000;USDA:CTS_TM
Uganda;2223000;USDA:CTS_UG
United States;2223000;USDA:CTS_US
Uzbekistan;2223000;USDA:CTS_UZ
WORLD;2223000;USDA:CTS_WO
Zimbabwe;2223000;USDA:CTS_ZW
Argentina;2224000;USDA:SFS_AR
Australia;2224000;USDA:SFS_AU
Belarus;2224000;USDA:SFS_BY
Bolivia;2224000;USDA:SFS_BO
Bosnia and Herzegovina;2224000;USDA:SFS_BA
Brazil;2224000;USDA:SFS_BR
Burma;2224000;USDA:SFS_MM
Canada;2224000;USDA:SFS_CA
Chile;2224000;USDA:SFS_CL
China;2224000;USDA:SFS_CN
Colombia;2224000;USDA:SFS_CO
Egypt;2224000;USDA:SFS_EG
European Union;2224000;USDA:SFS_EU
India;2224000;USDA:SFS_IN
Iran;2224000;USDA:SFS_IR
Israel;2224000;USDA:SFS_IL
Kazakhstan;2224000;USDA:SFS_KZ
Mexico;2224000;USDA:SFS_MX
Moldova;2224000;USDA:SFS_MD
Morocco;2224000;USDA:SFS_MA
North Macedonia;2224000;USDA:SFS_MK
Norway;2224000;USDA:SFS_NO
Pakistan;2224000;USDA:SFS_PK
Paraguay;2224000;USDA:SFS_PY
Russia;2224000;USDA:SFS_RU
Saudi Arabia;2224000;USDA:SFS_SA
Serbia;2224000;USDA:SFS_RS
South Africa;2224000;USDA:SFS_ZA
Switzerland;2224000;USDA:SFS_CH
Turkey;2224000;USDA:SFS_TR
Ukraine;2224000;USDA:SFS_UA
United Kingdom;2224000;USDA:SFS_GB
United States;2224000;USDA:SFS_US
Uruguay;2224000;USDA:SFS_UY
Uzbekistan;2224000;USDA:SFS_UZ
WORLD;2224000;USDA:SFS_WO
Argentina;2226000;USDA:RPS_AR
Australia;2226000;USDA:RPS_AU
Bangladesh;2226000;USDA:RPS_BD
Belarus;2226000;USDA:RPS_BY
Canada;2226000;USDA:RPS_CA
Chile;2226000;USDA:RPS_CL
China;2226000;USDA:RPS_CN
Ethiopia;2226000;USDA:RPS_ET
European Union;2226000;USDA:RPS_EU
India;2226000;USDA:RPS_IN
Iran;2226000;USDA:RPS_IR
Israel;2226000;USDA:RPS_IL
Japan;2226000;USDA:RPS_JP
Kazakhstan;2226000;USDA:RPS_KZ
Korea, South;2226000;USDA:RPS_KP
Mexico;2226000;USDA:RPS_MX
Moldova;2226000;USDA:RPS_MD
Morocco;2226000;USDA:RPS_MA
Norway;2226000;USDA:RPS_NO
Pakistan;2226000;USDA:RPS_PK
Paraguay;2226000;USDA:RPS_PY
Russia;2226000;USDA:RPS_RU
South Africa;2226000;USDA:RPS_ZA
Switzerland;2226000;USDA:RPS_CH
Turkey;2226000;USDA:RPS_TR
Ukraine;2226000;USDA:RPS_UA
United Arab Emirates;2226000;USDA:RPS_AE
United Kingdom;2226000;USDA:RPS_GB
United States;2226000;USDA:RPS_US
Uruguay;2226000;USDA:RPS_UY
Vietnam;2226000;USDA:RPS_VN
WORLD;2226000;USDA:RPS_WO
Bangladesh;2231000;USDA:CPS_BD
Comoros;2231000;USDA:CPS_KM
Cote d'Ivoire;2231000;USDA:CPS_CI
Fiji;2231000;USDA:CPS_FJ
Ghana;2231000;USDA:CPS_GH
India;2231000;USDA:CPS_IN
Indonesia;2231000;USDA:CPS_ID
Malaysia;2231000;USDA:CPS_MY
Mexico;2231000;USDA:CPS_MX
Mozambique;2231000;USDA:CPS_MZ
Nigeria;2231000;USDA:CPS_NG
Papua New Guinea;2231000;USDA:CPS_PG
Philippines;2231000;USDA:CPS_PH
Samoa;2231000;USDA:CPS_WS
Sao Tome and Principe;2231000;USDA:CPS_ST
Solomon Islands;2231000;USDA:CPS_SB
Sri Lanka;2231000;USDA:CPS_LK
Tanzania;2231000;USDA:CPS_TZ
Thailand;2231000;USDA:CPS_TH
United Kingdom;2231000;USDA:CPS_GB
Vanuatu/New Hebrides;2231000;USDA:CPS_VU
Venezuela;2231000;USDA:CPS_VE
Vietnam;2231000;USDA:CPS_VN
WORLD;2231000;USDA:CPS_WO
Benin;2232000;USDA:PKS_BJ
Brazil;2232000;USDA:PKS_BR
Cameroon;2232000;USDA:PKS_CM
Colombia;2232000;USDA:PKS_CO
Congo (Kinshasa);2232000;USDA:PKS_CG
Costa Rica;2232000;USDA:PKS_CR
Cote d'Ivoire;2232000;USDA:PKS_CI
Dominican Republic;2232000;USDA:PKS_DO
Ecuador;2232000;USDA:PKS_EC
European Union;2232000;USDA:PKS_EU
Ghana;2232000;USDA:PKS_GH
Guatemala;2232000;USDA:PKS_GT
Guinea;2232000;USDA:PKS_GN
Guinea-Bissau;2232000;USDA:PKS_GW
Honduras;2232000;USDA:PKS_HN
India;2232000;USDA:PKS_IN
Indonesia;2232000;USDA:PKS_ID
Liberia;2232000;USDA:PKS_LR
Malaysia;2232000;USDA:PKS_MY
Nigeria;2232000;USDA:PKS_NG
Papua New Guinea;2232000;USDA:PKS_PG
Philippines;2232000;USDA:PKS_PH
Sao Tome and Principe;2232000;USDA:PKS_ST
Sierra Leone;2232000;USDA:PKS_SL
Solomon Islands;2232000;USDA:PKS_SB
Thailand;2232000;USDA:PKS_TH
Togo;2232000;USDA:PKS_TG
United Kingdom;2232000;USDA:PKS_GB
WORLD;2232000;USDA:PKS_WO
Algeria;4232000;USDA:SBO_DZ
Angola;4232000;USDA:SBO_AO
Argentina;4232000;USDA:SBO_AR
Australia;4232000;USDA:SBO_AU
Bangladesh;4232000;USDA:SBO_BD
Barbados;4232000;USDA:SBO_BB
Belarus;4232000;USDA:SBO_BY
Benin;4232000;USDA:SBO_BJ
Bolivia;4232000;USDA:SBO_BO
Bosnia and Herzegovina;4232000;USDA:SBO_BA
Brazil;4232000;USDA:SBO_BR
Canada;4232000;USDA:SBO_CA
Chile;4232000;USDA:SBO_CL
China;4232000;USDA:SBO_CN
Colombia;4232000;USDA:SBO_CO
Costa Rica;4232000;USDA:SBO_CR
Cuba;4232000;USDA:SBO_CU
Dominican Republic;4232000;USDA:SBO_DO
Ecuador;4232000;USDA:SBO_EC
Egypt;4232000;USDA:SBO_EG
El Salvador;4232000;USDA:SBO_SV
Ethiopia;4232000;USDA:SBO_ET
European Union;4232000;USDA:SBO_EU
Ghana;4232000;USDA:SBO_GH
Guatemala;4232000;USDA:SBO_GT
Haiti;4232000;USDA:SBO_HT
Hong Kong;4232000;USDA:SBO_HK
India;4232000;USDA:SBO_IN
Indonesia;4232000;USDA:SBO_ID
Iran;4232000;USDA:SBO_IR
Israel;4232000;USDA:SBO_IL
Jamaica;4232000;USDA:SBO_JM
Japan;4232000;USDA:SBO_JP
Jordan;4232000;USDA:SBO_JO
Kazakhstan;4232000;USDA:SBO_KZ
Korea, North;4232000;USDA:SBO_KR
Korea, South;4232000;USDA:SBO_KP
Lebanon;4232000;USDA:SBO_LB
Madagascar;4232000;USDA:SBO_MG
Malaysia;4232000;USDA:SBO_MY
Mauritius;4232000;USDA:SBO_MU
Mexico;4232000;USDA:SBO_MX
Morocco;4232000;USDA:SBO_MA
New Zealand;4232000;USDA:SBO_NZ
Nicaragua;4232000;USDA:SBO_NI
Nigeria;4232000;USDA:SBO_NG
Norway;4232000;USDA:SBO_NO
Pakistan;4232000;USDA:SBO_PK
Panama;4232000;USDA:SBO_PA
Paraguay;4232000;USDA:SBO_PY
Peru;4232000;USDA:SBO_PE
Philippines;4232000;USDA:SBO_PH
Russia;4232000;USDA:SBO_RU
Saudi Arabia;4232000;USDA:SBO_SA
Senegal;4232000;USDA:SBO_SN
Serbia;4232000;USDA:SBO_RS
Singapore;4232000;USDA:SBO_SG
South Africa;4232000;USDA:SBO_ZA
Switzerland;4232000;USDA:SBO_CH
Syria;4232000;USDA:SBO_SY
Taiwan;4232000;USDA:SBO_TW
Tanzania;4232000;USDA:SBO_TZ
Thailand;4232000;USDA:SBO_TH
Trinidad and Tobago;4232000;USDA:SBO_TT
Tunisia;4232000;USDA:SBO_TN
Turkey;4232000;USDA:SBO_TR
Ukraine;4232000;USDA:SBO_UA
United Arab Emirates;4232000;USDA:SBO_AE
United Kingdom;4232000;USDA:SBO_GB
United States;4232000;USDA:SBO_US
Uruguay;4232000;USDA:SBO_UY
Uzbekistan;4232000;USDA:SBO_UZ
Venezuela;4232000;USDA:SBO_VE
Vietnam;4232000;USDA:SBO_VN
WORLD;4232000;USDA:SBO_WO
Zambia;4232000;USDA:SBO_ZM
Zimbabwe;4232000;USDA:SBO_ZW
Argentina;4233000;USDA:CTO_AR
Australia;4233000;USDA:CTO_AU
Azerbaijan;4233000;USDA:CTO_AZ
Benin;4233000;USDA:CTO_BJ
Brazil;4233000;USDA:CTO_BR
Burkina Faso;4233000;USDA:CTO_BF
Burma;4233000;USDA:CTO_MM
Cameroon;4233000;USDA:CTO_CM
Canada;4233000;USDA:CTO_CA
Chad;4233000;USDA:CTO_TD
China;4233000;USDA:CTO_CN
Cote d'Ivoire;4233000;USDA:CTO_CI
Egypt;4233000;USDA:CTO_EG
European Union;4233000;USDA:CTO_EU
India;4233000;USDA:CTO_IN
Iran;4233000;USDA:CTO_IR
Japan;4233000;USDA:CTO_JP
Kazakhstan;4233000;USDA:CTO_KZ
Korea, South;4233000;USDA:CTO_KP
Kyrgyzstan;4233000;USDA:CTO_KG
Madagascar;4233000;USDA:CTO_MG
Mali;4233000;USDA:CTO_ML
Mexico;4233000;USDA:CTO_MX
Mozambique;4233000;USDA:CTO_MZ
New Zealand;4233000;USDA:CTO_NZ
Nigeria;4233000;USDA:CTO_NG
Pakistan;4233000;USDA:CTO_PK
Paraguay;4233000;USDA:CTO_PY
South Africa;4233000;USDA:CTO_ZA
Sudan;4233000;USDA:CTO_SD
Syria;4233000;USDA:CTO_SY
Tajikistan;4233000;USDA:CTO_TJ
Tanzania;4233000;USDA:CTO_TZ
Togo;4233000;USDA:CTO_TG
Turkey;4233000;USDA:CTO_TR
Turkmenistan;4233000;USDA:CTO_TM
Uganda;4233000;USDA:CTO_UG
United States;4233000;USDA:CTO_US
Uzbekistan;4233000;USDA:CTO_UZ
WORLD;4233000;USDA:CTO_WO
Zimbabwe;4233000;USDA:CTO_ZW
Argentina;4234000;USDA:PNO_AR
Bangladesh;4234000;USDA:PNO_BD
Benin;4234000;USDA:PNO_BJ
Brazil;4234000;USDA:PNO_BR
Burkina Faso;4234000;USDA:PNO_BF
Burma;4234000;USDA:PNO_MM
Cameroon;4234000;USDA:PNO_CM
Central African Republic;4234000;USDA:PNO_CF
Chad;4234000;USDA:PNO_TD
China;4234000;USDA:PNO_CN
Congo (Kinshasa);4234000;USDA:PNO_CG
Cote d'Ivoire;4234000;USDA:PNO_CI
European Union;4234000;USDA:PNO_EU
Gambia, The;4234000;USDA:PNO_GM
Guatemala;4234000;USDA:PNO_GT
Hong Kong;4234000;USDA:PNO_HK
India;4234000;USDA:PNO_IN
Indonesia;4234000;USDA:PNO_ID
Japan;4234000;USDA:PNO_JP
Malawi;4234000;USDA:PNO_MW
Malaysia;4234000;USDA:PNO_MY
Mali;4234000;USDA:PNO_ML
Mexico;4234000;USDA:PNO_MX
Mozambique;4234000;USDA:PNO_MZ
Nicaragua;4234000;USDA:PNO_NI
Niger;4234000;USDA:PNO_NE
Nigeria;4234000;USDA:PNO_NG
Senegal;4234000;USDA:PNO_SN
South Africa;4234000;USDA:PNO_ZA
Sudan;4234000;USDA:PNO_SD
Switzerland;4234000;USDA:PNO_CH
Taiwan;4234000;USDA:PNO_TW
Tanzania;4234000;USDA:PNO_TZ
Thailand;4234000;USDA:PNO_TH
Togo;4234000;USDA:PNO_TG
Turkey;4234000;USDA:PNO_TR
Uganda;4234000;USDA:PNO_UG
United Kingdom;4234000;USDA:PNO_GB
United States;4234000;USDA:PNO_US
Vietnam;4234000;USDA:PNO_VN
WORLD;4234000;USDA:PNO_WO
Zambia;4234000;USDA:PNO_ZM
Algeria;4235000;USDA:OLO_DZ
Argentina;4235000;USDA:OLO_AR
Australia;4235000;USDA:OLO_AU
Brazil;4235000;USDA:OLO_BR
Canada;4235000;USDA:OLO_CA
Chile;4235000;USDA:OLO_CL
China;4235000;USDA:OLO_CN
European Union;4235000;USDA:OLO_EU
Israel;4235000;USDA:OLO_IL
Japan;4235000;USDA:OLO_JP
Jordan;4235000;USDA:OLO_JO
Korea, South;4235000;USDA:OLO_KP
Lebanon;4235000;USDA:OLO_LB
Libya;4235000;USDA:OLO_LY
Mexico;4235000;USDA:OLO_MX
Morocco;4235000;USDA:OLO_MA
Russia;4235000;USDA:OLO_RU
Saudi Arabia;4235000;USDA:OLO_SA
Switzerland;4235000;USDA:OLO_CH
Syria;4235000;USDA:OLO_SY
Tunisia;4235000;USDA:OLO_TN
Turkey;4235000;USDA:OLO_TR
United Kingdom;4235000;USDA:OLO_GB
United States;4235000;USDA:OLO_US
WORLD;4235000;USDA:OLO_WO
Algeria;4236000;USDA:SFO_DZ
Argentina;4236000;USDA:SFO_AR
Australia;4236000;USDA:SFO_AU
Belarus;4236000;USDA:SFO_BY
Bolivia;4236000;USDA:SFO_BO
Bosnia and Herzegovina;4236000;USDA:SFO_BA
Brazil;4236000;USDA:SFO_BR
Burma;4236000;USDA:SFO_MM
Canada;4236000;USDA:SFO_CA
Chile;4236000;USDA:SFO_CL
China;4236000;USDA:SFO_CN
Colombia;4236000;USDA:SFO_CO
Cuba;4236000;USDA:SFO_CU
Egypt;4236000;USDA:SFO_EG
European Union;4236000;USDA:SFO_EU
Georgia;4236000;USDA:SFO_GE
Guatemala;4236000;USDA:SFO_GT
India;4236000;USDA:SFO_IN
Iran;4236000;USDA:SFO_IR
Iraq;4236000;USDA:SFO_IQ
Israel;4236000;USDA:SFO_IL
Japan;4236000;USDA:SFO_JP
Jordan;4236000;USDA:SFO_JO
Kazakhstan;4236000;USDA:SFO_KZ
Lebanon;4236000;USDA:SFO_LB
Libya;4236000;USDA:SFO_LY
Mexico;4236000;USDA:SFO_MX
Moldova;4236000;USDA:SFO_MD
Morocco;4236000;USDA:SFO_MA
North Macedonia;4236000;USDA:SFO_MK
Norway;4236000;USDA:SFO_NO
Pakistan;4236000;USDA:SFO_PK
Paraguay;4236000;USDA:SFO_PY
Peru;4236000;USDA:SFO_PE
Russia;4236000;USDA:SFO_RU
Saudi Arabia;4236000;USDA:SFO_SA
Serbia;4236000;USDA:SFO_RS
South Africa;4236000;USDA:SFO_ZA
Switzerland;4236000;USDA:SFO_CH
Syria;4236000;USDA:SFO_SY
Taiwan;4236000;USDA:SFO_TW
Turkey;4236000;USDA:SFO_TR
Ukraine;4236000;USDA:SFO_UA
United Kingdom;4236000;USDA:SFO_GB
United States;4236000;USDA:SFO_US
Uruguay;4236000;USDA:SFO_UY
Uzbekistan;4236000;USDA:SFO_UZ
Venezuela;4236000;USDA:SFO_VE
WORLD;4236000;USDA:SFO_WO
Algeria;4239100;USDA:RPO_DZ
Argentina;4239100;USDA:RPO_AR
Australia;4239100;USDA:RPO_AU
Bangladesh;4239100;USDA:RPO_BD
Belarus;4239100;USDA:RPO_BY
Canada;4239100;USDA:RPO_CA
Chile;4239100;USDA:RPO_CL
China;4239100;USDA:RPO_CN
Ethiopia;4239100;USDA:RPO_ET
European Union;4239100;USDA:RPO_EU
Hong Kong;4239100;USDA:RPO_HK
India;4239100;USDA:RPO_IN
Indonesia;4239100;USDA:RPO_ID
Iran;4239100;USDA:RPO_IR
Israel;4239100;USDA:RPO_IL
Japan;4239100;USDA:RPO_JP
Kazakhstan;4239100;USDA:RPO_KZ
Korea, South;4239100;USDA:RPO_KP
Mexico;4239100;USDA:RPO_MX
Morocco;4239100;USDA:RPO_MA
New Zealand;4239100;USDA:RPO_NZ
Norway;4239100;USDA:RPO_NO
Pakistan;4239100;USDA:RPO_PK
Paraguay;4239100;USDA:RPO_PY
Russia;4239100;USDA:RPO_RU
South Africa;4239100;USDA:RPO_ZA
Switzerland;4239100;USDA:RPO_CH
Taiwan;4239100;USDA:RPO_TW
Tunisia;4239100;USDA:RPO_TN
Turkey;4239100;USDA:RPO_TR
Ukraine;4239100;USDA:RPO_UA
United Arab Emirates;4239100;USDA:RPO_AE
United Kingdom;4239100;USDA:RPO_GB
United States;4239100;USDA:RPO_US
Uruguay;4239100;USDA:RPO_UY
Vietnam;4239100;USDA:RPO_VN
WORLD;4239100;USDA:RPO_WO
Australia;4242000;USDA:CCO_AU
Bangladesh;4242000;USDA:CCO_BD
Canada;4242000;USDA:CCO_CA
China;4242000;USDA:CCO_CN
Cote d'Ivoire;4242000;USDA:CCO_CI
European Union;4242000;USDA:CCO_EU
Ghana;4242000;USDA:CCO_GH
India;4242000;USDA:CCO_IN
Indonesia;4242000;USDA:CCO_ID
Iran;4242000;USDA:CCO_IR
Iraq;4242000;USDA:CCO_IQ
Japan;4242000;USDA:CCO_JP
Korea, South;4242000;USDA:CCO_KP
Malaysia;4242000;USDA:CCO_MY
Mexico;4242000;USDA:CCO_MX
Mozambique;4242000;USDA:CCO_MZ
Nigeria;4242000;USDA:CCO_NG
Norway;4242000;USDA:CCO_NO
Papua New Guinea;4242000;USDA:CCO_PG
Philippines;4242000;USDA:CCO_PH
Russia;4242000;USDA:CCO_RU
Samoa;4242000;USDA:CCO_WS
Singapore;4242000;USDA:CCO_SG
South Africa;4242000;USDA:CCO_ZA
Sri Lanka;4242000;USDA:CCO_LK
Switzerland;4242000;USDA:CCO_CH
Taiwan;4242000;USDA:CCO_TW
Tanzania;4242000;USDA:CCO_TZ
Thailand;4242000;USDA:CCO_TH
Turkey;4242000;USDA:CCO_TR
United Kingdom;4242000;USDA:CCO_GB
United States;4242000;USDA:CCO_US
Vietnam;4242000;USDA:CCO_VN
WORLD;4242000;USDA:CCO_WO
Afghanistan;4243000;USDA:PAO_AF
Algeria;4243000;USDA:PAO_DZ
Angola;4243000;USDA:PAO_AO
Australia;4243000;USDA:PAO_AU
Bangladesh;4243000;USDA:PAO_BD
Benin;4243000;USDA:PAO_BJ
Brazil;4243000;USDA:PAO_BR
Burma;4243000;USDA:PAO_MM
Cameroon;4243000;USDA:PAO_CM
Canada;4243000;USDA:PAO_CA
China;4243000;USDA:PAO_CN
Colombia;4243000;USDA:PAO_CO
Congo (Kinshasa);4243000;USDA:PAO_CG
Costa Rica;4243000;USDA:PAO_CR
Cote d'Ivoire;4243000;USDA:PAO_CI
Djibouti;4243000;USDA:PAO_DJ
Dominican Republic;4243000;USDA:PAO_DO
Ecuador;4243000;USDA:PAO_EC
Egypt;4243000;USDA:PAO_EG
El Salvador;4243000;USDA:PAO_SV
Ethiopia;4243000;USDA:PAO_ET
European Union;4243000;USDA:PAO_EU
Ghana;4243000;USDA:PAO_GH
Guatemala;4243000;USDA:PAO_GT
Guinea;4243000;USDA:PAO_GN
Haiti;4243000;USDA:PAO_HT
Honduras;4243000;USDA:PAO_HN
Hong Kong;4243000;USDA:PAO_HK
India;4243000;USDA:PAO_IN
Indonesia;4243000;USDA:PAO_ID
Iran;4243000;USDA:PAO_IR
Iraq;4243000;USDA:PAO_IQ
Japan;4243000;USDA:PAO_JP
Jordan;4243000;USDA:PAO_JO
Kenya;4243000;USDA:PAO_KE
Korea, North;4243000;USDA:PAO_KR
Korea, South;4243000;USDA:PAO_KP
Kuwait;4243000;USDA:PAO_KW
Liberia;4243000;USDA:PAO_LR
Malaysia;4243000;USDA:PAO_MY
Mauritania;4243000;USDA:PAO_MR
Mexico;4243000;USDA:PAO_MX
Mozambique;4243000;USDA:PAO_MZ
New Zealand;4243000;USDA:PAO_NZ
Nigeria;4243000;USDA:PAO_NG
Norway;4243000;USDA:PAO_NO
Oman;4243000;USDA:PAO_OM
Other;4243000;USDA:PAO_OT
Pakistan;4243000;USDA:PAO_PK
Papua New Guinea;4243000;USDA:PAO_PG
Peru;4243000;USDA:PAO_PE
Philippines;4243000;USDA:PAO_PH
Russia;4243000;USDA:PAO_RU
Rwanda;4243000;USDA:PAO_RW
Saudi Arabia;4243000;USDA:PAO_SA
Senegal;4243000;USDA:PAO_SN
Sierra Leone;4243000;USDA:PAO_SL
Singapore;4243000;USDA:PAO_SG
South Africa;4243000;USDA:PAO_ZA
Sri Lanka;4243000;USDA:PAO_LK
Sudan;4243000;USDA:PAO_SD
Switzerland;4243000;USDA:PAO_CH
Taiwan;4243000;USDA:PAO_TW
Tanzania;4243000;USDA:PAO_TZ
Thailand;4243000;USDA:PAO_TH
Togo;4243000;USDA:PAO_TG
Tunisia;4243000;USDA:PAO_TN
Turkey;4243000;USDA:PAO_TR
Ukraine;4243000;USDA:PAO_UA
United Arab Emirates;4243000;USDA:PAO_AE
United Kingdom;4243000;USDA:PAO_GB
United States;4243000;USDA:PAO_US
Venezuela;4243000;USDA:PAO_VE
Vietnam;4243000;USDA:PAO_VN
WORLD;4243000;USDA:PAO_WO
Yemen;4243000;USDA:PAO_YE
Zimbabwe;4243000;USDA:PAO_ZW
Benin;4244000;USDA:PKO_BJ
Brazil;4244000;USDA:PKO_BR
Cameroon;4244000;USDA:PKO_CM
Canada;4244000;USDA:PKO_CA
China;4244000;USDA:PKO_CN
Colombia;4244000;USDA:PKO_CO
Congo (Kinshasa);4244000;USDA:PKO_CG
Costa Rica;4244000;USDA:PKO_CR
Cote d'Ivoire;4244000;USDA:PKO_CI
Ecuador;4244000;USDA:PKO_EC
European Union;4244000;USDA:PKO_EU
Ghana;4244000;USDA:PKO_GH
Guatemala;4244000;USDA:PKO_GT
Guinea;4244000;USDA:PKO_GN
Guinea-Bissau;4244000;USDA:PKO_GW
Honduras;4244000;USDA:PKO_HN
India;4244000;USDA:PKO_IN
Indonesia;4244000;USDA:PKO_ID
Iran;4244000;USDA:PKO_IR
Japan;4244000;USDA:PKO_JP
Liberia;4244000;USDA:PKO_LR
Malaysia;4244000;USDA:PKO_MY
Mexico;4244000;USDA:PKO_MX
Nigeria;4244000;USDA:PKO_NG
Papua New Guinea;4244000;USDA:PKO_PG
Philippines;4244000;USDA:PKO_PH
Russia;4244000;USDA:PKO_RU
Saudi Arabia;4244000;USDA:PKO_SA
Sierra Leone;4244000;USDA:PKO_SL
Singapore;4244000;USDA:PKO_SG
South Africa;4244000;USDA:PKO_ZA
Switzerland;4244000;USDA:PKO_CH
Thailand;4244000;USDA:PKO_TH
Togo;4244000;USDA:PKO_TG
Turkey;4244000;USDA:PKO_TR
United Kingdom;4244000;USDA:PKO_GB
United States;4244000;USDA:PKO_US
WORLD;4244000;USDA:PKO_WO
Afghanistan;2631000;USDA:CTT_AF
Algeria;2631000;USDA:CTT_AG
Azerbaijan;2631000;USDA:CTT_AJ
Albania;2631000;USDA:CTT_AL
Armenia;2631000;USDA:CTT_AM
Angola;2631000;USDA:CTT_AO
Argentina;2631000;USDA:CTT_AR
Australia;2631000;USDA:CTT_AS
Australia;2631000;USDA:CTT_AU
Bosnia and Herzegovina;2631000;USDA:CTT_BA
Belgium-Luxembourg;2631000;USDA:CTT_BE
Bangladesh;2631000;USDA:CTT_BG
Bosnia and Herzegovina;2631000;USDA:CTT_BK
Bolivia;2631000;USDA:CTT_BL
Burma;2631000;USDA:CTT_BM
Bolivia;2631000;USDA:CTT_BO
Brazil;2631000;USDA:CTT_BR
Bulgaria;2631000;USDA:CTT_BU
Canada;2631000;USDA:CTT_CA
Cambodia;2631000;USDA:CTT_CB
Congo (Brazzaville);2631000;USDA:CTT_CD
Sri Lanka;2631000;USDA:CTT_CE
Congo (Kinshasa);2631000;USDA:CTT_CG
Switzerland;2631000;USDA:CTT_CH
Cote d'Ivoire;2631000;USDA:CTT_CI
Cameroon;2631000;USDA:CTT_CM
Colombia;2631000;USDA:CTT_CO
Costa Rica;2631000;USDA:CTT_CS
Central African Republic;2631000;USDA:CTT_CT
Cuba;2631000;USDA:CTT_CU
Cyprus;2631000;USDA:CTT_CY
Denmark;2631000;USDA:CTT_DA
Benin;2631000;USDA:CTT_DM
Dominican Republic;2631000;USDA:CTT_DR
Ecuador;2631000;USDA:CTT_EC
Egypt;2631000;USDA:CTT_EG
Ireland;2631000;USDA:CTT_EI
Estonia;2631000;USDA:CTT_EN
El Salvador;2631000;USDA:CTT_ES
Ethiopia;2631000;USDA:CTT_ET
Czech Republic;2631000;USDA:CTT_EZ
France;2631000;USDA:CTT_FR
Ghana;2631000;USDA:CTT_GH
Gambia, The;2631000;USDA:CTT_GM
Greece;2631000;USDA:CTT_GR
Guatemala;2631000;USDA:CTT_GT
Guinea;2631000;USDA:CTT_GU
Haiti;2631000;USDA:CTT_HA
Hong Kong;2631000;USDA:CTT_HK
Honduras;2631000;USDA:CTT_HO
Croatia;2631000;USDA:CTT_HR
Hungary;2631000;USDA:CTT_HU
Indonesia;2631000;USDA:CTT_ID
India;2631000;USDA:CTT_IN
Iran;2631000;USDA:CTT_IR
Iceland;2631000;USDA:CTT_IS
Italy;2631000;USDA:CTT_IT
Cote d'Ivoire;2631000;USDA:CTT_IV
Iraq;2631000;USDA:CTT_IZ
Japan;2631000;USDA:CTT_JA
Kenya;2631000;USDA:CTT_KE
Kyrgyzstan;2631000;USDA:CTT_KG
Korea, North;2631000;USDA:CTT_KN
Korea, South;2631000;USDA:CTT_KS
Kazakhstan;2631000;USDA:CTT_KZ
Lebanon;2631000;USDA:CTT_LE
Latvia;2631000;USDA:CTT_LG
Lithuania;2631000;USDA:CTT_LH
Slovakia;2631000;USDA:CTT_LO
Lesotho;2631000;USDA:CTT_LT
Morocco;2631000;USDA:CTT_MA
Moldova;2631000;USDA:CTT_MD
Malawi;2631000;USDA:CTT_MI
North Macedonia;2631000;USDA:CTT_MK
Mali;2631000;USDA:CTT_ML
Morocco;2631000;USDA:CTT_MO
Mauritius;2631000;USDA:CTT_MP
Mexico;2631000;USDA:CTT_MX
Malaysia;2631000;USDA:CTT_MY
Mozambique;2631000;USDA:CTT_MZ
Nigeria;2631000;USDA:CTT_NG
Nicaragua;2631000;USDA:CTT_NI
Netherlands;2631000;USDA:CTT_NL
Norway;2631000;USDA:CTT_NO
Nicaragua;2631000;USDA:CTT_NU
Panama;2631000;USDA:CTT_PA
Peru;2631000;USDA:CTT_PE
Pakistan;2631000;USDA:CTT_PK
Poland;2631000;USDA:CTT_PL
Panama;2631000;USDA:CTT_PN
Portugal;2631000;USDA:CTT_PO
Serbia;2631000;USDA:CTT_RB
Zimbabwe;2631000;USDA:CTT_RH
Romania;2631000;USDA:CTT_RO
Philippines;2631000;USDA:CTT_RP
Serbia;2631000;USDA:CTT_RS
South Africa;2631000;USDA:CTT_SF
Singapore;2631000;USDA:CTT_SG
Slovenia;2631000;USDA:CTT_SI
Senegal;2631000;USDA:CTT_SN
Somalia;2631000;USDA:CTT_SO
Spain;2631000;USDA:CTT_SP
Sudan;2631000;USDA:CTT_SU
Sweden;2631000;USDA:CTT_SW
Syria;2631000;USDA:CTT_SY
Eswatini;2631000;USDA:CTT_SZ
Thailand;2631000;USDA:CTT_TH
Tajikistan;2631000;USDA:CTT_TI
Togo;2631000;USDA:CTT_TO
Tunisia;2631000;USDA:CTT_TS
Turkey;2631000;USDA:CTT_TU
Taiwan;2631000;USDA:CTT_TW
Turkmenistan;2631000;USDA:CTT_TX
Tanzania;2631000;USDA:CTT_TZ
Uganda;2631000;USDA:CTT_UG
United Kingdom;2631000;USDA:CTT_UK
Ukraine;2631000;USDA:CTT_UP
United States;2631000;USDA:CTT_US
Burkina Faso;2631000;USDA:CTT_UV
Uruguay;2631000;USDA:CTT_UY
Uzbekistan;2631000;USDA:CTT_UZ
Venezuela;2631000;USDA:CTT_VE
Vietnam;2631000;USDA:CTT_VM
Yemen;2631000;USDA:CTT_YM
South Africa;2631000;USDA:CTT_ZA
